# page	phrase read from the page image (short, not a passage)	note
104	dien ap te bao	thường
104	vo to chuc	thường
194	ayahuasca	thường
194	dien nao do	thường
255	dong vat an co	thường
255	tham hoa	thường
259	thien ta	thường
259	thien huu	thường
319	bua ngai	thường
319	loi nguyen	thường
8	bi mat cua vu tru	mở chương, dòng 1
8	duy vat va duy tam	mở chương
372	xuyen suot cuon sach	mở chương, dòng 1
372	hanh trinh kham pha	mở chương, dòng 2
398	lai kep	hình
398	dau tu tu nam 35 tuoi	nhãn hình
143	ruot non	nhãn hình
143	la lach	nhãn hình
264	phan phoi chuan	hình
264	do lech chuan	nhãn hình
39	131072	dãy số
39	4096	dãy số
154	ty le mo	chú thích hình
154	basal metabolic rate	số liệu
176	thach anh tim	khổ ngang
176	ho phach	khổ ngang
87	urashima	nhiều [?]
87	schwarzschild	chú thích cuối trang
286	vong lap tich cuc	nhãn hình
286	tap trung giai phap	nhãn hình
